ID,CreatedAt,UpdatedAt,Duration
87225e450cda71a3d3e6a452cba66ab54f25ebfece80aab349122c75510ef7c3,2023-06-11T01:38:08.372439Z,2023-06-11T01:38:10.23279Z,1.860351s
24d4ceb95e255dc837b74a1a9585109541e466122b4004a19d314e9d6204aab2,2023-06-11T01:38:07.752433Z,2023-06-11T01:38:07.914963Z,162.53ms
2f5f42ded50c5e0a99679154a040e70bc8b6d837f9083a5a2523bd7a72c5046b,2023-06-11T01:38:07.862004Z,2023-06-11T01:38:08.039306Z,177.302ms
7f4a212f8d09de3511a3bd14bc164fea4fc233f3015d369949db04c3f4fa1a81,2023-06-11T01:38:08.451038Z,2023-06-11T01:38:10.543075Z,2.092037s
5d2fb3cc497c4409c9783a0fb5e3055492b87cba07ffeab32d082c6965cc3923,2023-06-11T01:38:08.141547Z,2023-06-11T01:38:10.147745Z,2.006198s
4e905a159172898cbcc5d4b3634f0a352aad28b34f3df2b93a2138132441d17e,2023-06-11T01:38:08.53058Z,2023-06-11T01:38:10.557595Z,2.027015s
2aa5eb2ab15462ad288cffb0d948f110b83fbf4ebd94cf5a0f724b295af57ce8,2023-06-11T01:38:08.30616Z,2023-06-11T01:38:10.12871Z,1.82255s
29ae7479649ac26de93b9ae2f86ab654b7d0c04ac1d9df1e59b7290990679caa,2023-06-11T01:38:07.97421Z,2023-06-11T01:38:08.437988Z,463.778ms
d0bf6910ed3d3bcb4071f7c587994aa053f95717ea314cc7fd1e3eb7e1385417,2023-06-11T01:38:08.223747Z,2023-06-11T01:38:10.208788Z,1.985041s
4197f740d96dc9eacf777da47bc077f6a781d59bd1bf0eec061bc941c9339cc6,2023-06-11T01:38:08.570179Z,2023-06-11T01:38:10.579413Z,2.009234s
8369deacadecb50504117ca3ebb1e3a92924270346ac8aa10e9990afa51df876,2023-06-11T01:38:08.260974Z,2023-06-11T01:38:10.221302Z,1.960328s
70c241fe02d5bd7827919fe8648773ecdb845d960eb7781a8eccc91bcada523c,2023-06-11T01:38:08.331912Z,2023-06-11T01:38:10.187314Z,1.855402s
88ff20b752a07f7755a9114ed3bc2ee1587aadc16c24a6410779d216edd04676,2023-06-11T01:38:08.647939Z,2023-06-11T01:38:10.591076Z,1.943137s
6b56a5fde906f4316f6407c1afaea3086a5b630c1727d586af3c4b07bc5ee382,2023-06-11T01:38:08.183104Z,2023-06-11T01:38:10.196768Z,2.013664s
9da711ae8567930f57b61434186f01011d4ed33a7b40236f4e0eb3212b6aeef8,2023-06-11T01:38:07.97635Z,2023-06-11T01:38:09.742447Z,1.766097s
ab20667661bd16a31e59a87bc78324d790f36974b344cbc87f37fa9c4e832083,2023-06-11T01:38:08.422714Z,2023-06-11T01:38:10.260182Z,1.837468s
9d82944909c7c5c3812ec710e3109e0a16efbe3a3c59167ee2a20d08bcfa40d8,2023-06-11T01:38:08.493397Z,2023-06-11T01:38:10.567696Z,2.074299s
b131d5382ba1d8e5b03db5bedc3d47713483945150eb3b93983bdac0b429f6b4,2023-06-11T01:38:07.81708Z,2023-06-11T01:38:07.950187Z,133.107ms
aa6a61fc9fe7b5c635d4f12fad3ad794120b294acc8368379445a3ef74e6d985,2023-06-11T01:38:08.056841Z,2023-06-11T01:38:10.06846Z,2.011619s
c2fe1dc47e1c7e54e63ff6a27a85e229d3e55c04272bbf0525e96edcf77df4f1,2023-06-11T01:38:08.611636Z,2023-06-11T01:38:10.589527Z,1.977891s
a55d68ad9e9745c5b4a40ee97d7364c16bf64d441ea1652c04cac362373373fe,2023-06-11T01:38:08.075787Z,2023-06-11T01:38:10.092161Z,2.016374s
e699f501cadad6427e7c8234fdc53521e78e5428c296e9d6ab8f38f557ff8dfb,2023-06-11T01:38:08.74999Z,2023-06-11T01:38:10.615251Z,1.865261s
cbaa295156b49034a8ccc303f3b095e8d272cb213b86b259f521dc14b23fc965,2023-06-11T01:38:07.910344Z,2023-06-11T01:38:08.028374Z,118.03ms
a55f38a09b326ac9e988331d7dafb1b4c7781dc64e26988edd52d16c1358ccf8,2023-06-11T01:38:07.826976Z,2023-06-11T01:38:07.961445Z,134.469ms
d6d0a6a9391c210b4849aa611730a796663046053aa158b5be0f3117ebca78e2,2023-06-11T01:38:08.106181Z,2023-06-11T01:38:10.114035Z,2.007854s
